ID,FECHA,AÃ‘O,MES,DIA,HORA,COMUNA,LONGITUD,LATITUD,TIPO_CALLE,ACUSADO,VICTIMA,CANT_VICTIMA
2016-0001,2016-01-01,2016,1,1,4,8,-58.47533969,-34.68757022,AVENIDA,AUTO,MOTO,1
2016-0002,2016-01-02,2016,1,2,1,9,-58.50877521,-34.66977709,GRAL PAZ,PASAJEROS,AUTO,1
2016-0003,2016-01-03,2016,1,3,7,1,-58.39040293,-34.63189362,AVENIDA,AUTO,MOTO,1
2016-0004,2016-01-10,2016,1,10,0,8,-58.46503904,-34.68092974,AVENIDA,SD,MOTO,1
2016-0005,2016-01-21,2016,1,21,5,1,-58.38718297,-34.62246630,AVENIDA,PASAJEROS,MOTO,1
2016-0008,2016-01-24,2016,1,24,18,8,-58.44451316,-34.68475866,AVENIDA,OBJETO FIJO,MOTO,1
2016-0009,2016-01-24,2016,1,24,19,11,-58.50095869,-34.60825440,CALLE,AUTO,MOTO,1
2016-0010,2016-01-29,2016,1,29,15,9,-58.50877521,-34.66977709,GRAL PAZ,AUTO,MOTO,1
2016-0012,2016-02-08,2016,2,8,1,1,-58.38048577,-34.61303893,AVENIDA,CARGAS,MOTO,1
2016-0013,2016-02-10,2016,2,10,11,1,-58.39114932,-34.62477387,AVENIDA,AUTO,PEATON,1
2016-0015,2016-02-14,2016,2,14,5,15,-58.43760020,-34.59912758,AVENIDA,AUTO,PEATON,1
2016-0016,2016-02-14,2016,2,14,22,4,-58.36882665,-34.64291993,AVENIDA,AUTO,MOTO,1
2016-0017,2016-02-15,2016,2,15,16,8,-58.44989671,-34.65970435,AVENIDA,MOTO,PEATON,1
2016-0019,2016-02-17,2016,2,17,9,9,-58.50990884,-34.65468721,CALLE,PASAJEROS,PEATON,1
2016-0020,2016-02-17,2016,2,17,16,1,-58.37952223,-34.60653282,CALLE,AUTO,PEATON,1
2016-0021,2016-02-17,2016,2,17,23,7,-58.45157703,-34.63063795,AVENIDA,AUTO,AUTO,1
2016-0022,2016-02-21,2016,2,21,6,1,-58.38144696,-34.61079875,AVENIDA,AUTO,MOTO,1
2016-0025,2016-02-28,2016,2,28,4,8,-58.46244952,-34.70524971,GRAL PAZ,AUTO,AUTO,1
2016-0026,2016-02-28,2016,2,28,7,12,-58.49216191,-34.54738649,CALLE,OBJETO FIJO,AUTO,1
2016-0027,2016-02-28,2016,2,28,9,7,-58.44497874,-34.63852623,AVENIDA,AUTO,AUTO,1
2016-0028,2016-03-02,2016,3,2,10,1,-58.38199706,-34.60028648,AVENIDA,CARGAS,PEATON,1
2016-0029,2016-03-04,2016,3,4,17,12,-58.47378664,-34.54153077,AVENIDA,PASAJEROS,PEATON,1
2016-0031,2016-03-08,2016,3,8,12,8,-58.47064556,-34.69843756,GRAL PAZ,PASAJEROS,MOTO,1
2016-0034,2016-03-12,2016,3,12,12,4,-58.40623949,-34.65076549,AVENIDA,PASAJEROS,PEATON,1
2016-0035,2016-03-13,2016,3,13,6,3,-58.39228965,-34.60443527,AVENIDA,PASAJEROS,MOTO,1
2016-0036,2016-03-14,2016,3,14,0,4,-58.37813396,-34.63668504,CALLE,PASAJEROS,MOTO,1
2016-0037,2016-03-19,2016,3,19,11,7,-58.46275892,-34.64358293,AVENIDA,MOTO,MOTO,1
2016-0038,2016-03-21,2016,3,21,8,8,-58.49683458,-34.67892743,GRAL PAZ,PASAJEROS,PEATON,1
2016-0039,2016-03-23,2016,3,23,1,3,-58.40603217,-34.60883960,AVENIDA,PASAJEROS,MOTO,1
2016-0041,2016-03-29,2016,3,29,11,7,-58.46076550,-34.63350444,AVENIDA,CARGAS,MOTO,2
2016-0041,2016-03-29,2016,3,29,11,7,-58.46076550,-34.63350444,AVENIDA,CARGAS,MOTO,2
2016-0043,2016-03-30,2016,3,30,18,8,-58.47832463,-34.67494416,AVENIDA,CARGAS,PEATON,1
2016-0044,2016-03-31,2016,3,31,19,7,-58.43213235,-34.63693953,AVENIDA,MULTIPLE,MOTO,1
2016-0045,2016-04-11,2016,4,11,10,13,-58.46743471,-34.53476874,GRAL PAZ,SD,MOTO,1
2016-0047,2016-04-15,2016,4,15,5,1,-58.38247061,-34.62571878,CALLE,PASAJEROS,PEATON,1
2016-0048,2016-04-15,2016,4,15,17,15,-58.44759966,-34.59170240,AVENIDA,PASAJEROS,PEATON,1
2016-0049,2016-04-17,2016,4,17,0,4,-58.37714647568196,-34.63657525428238,AUTOPISTA,SD,SD,1
2016-0050,2016-04-19,2016,4,19,9,8,-58.47305463,-34.68550712,AVENIDA,PASAJEROS,PEATON,1
2016-0051,2016-04-20,2016,4,20,4,4,-58.40623949,-34.65076549,AVENIDA,CARGAS,MOTO,1
2016-0052,2016-04-20,2016,4,20,20,13,.,.,AUTOPISTA,SD,MOTO,1
2016-0053,2016-04-22,2016,4,22,9,12,-58.48429180,-34.57558053,AVENIDA,PASAJEROS,PEATON,1
2016-0054,2016-04-23,2016,4,23,21,8,-58.48695354,-34.68795245,AUTOPISTA,MOTO,MOTO,1
2016-0055,2016-04-25,2016,4,25,20,14,-58.40021959,-34.57964781,AVENIDA,CARGAS,PEATON,1
2016-0056,2016-04-26,2016,4,26,4,14,-58.42957885,-34.57660058,AVENIDA,OBJETO FIJO,MOTO,1
2016-0058,2016-05-04,2016,5,4,14,1,-58.38247542,-34.62556293,CALLE,MOTO,PEATON,1
2016-0059,2016-05-08,2016,5,8,16,1,-58.38222219,-34.62728101,CALLE,PASAJEROS,PEATON,1
2016-0064,2016-05-14,2016,5,14,18,10,-58.49485242,-34.62953445,AVENIDA,PASAJEROS,PEATON,1
2016-0065,2016-05-20,2016,5,20,14,6,-58.45227946,-34.61068024,AVENIDA,AUTO,PEATON,1
2016-0067,2016-05-21,2016,5,21,17,8,-58.48455411,-34.67512760,AVENIDA,PASAJEROS,MOTO,1
2016-0068,2016-05-22,2016,5,22,22,2,-58.39056593,-34.58418569,AVENIDA,PASAJEROS,MOTO,1
2016-0069,2016-05-23,2016,5,23,3,3,-58.39118948,-34.62704273,AVENIDA,CARGAS,AUTO,1
2016-0073,2016-06-11,2016,6,11,15,10,-58.49021952,-34.62025108,CALLE,CARGAS,MOTO,1
2016-0074,2016-06-12,2016,6,12,6,8,-58.49896559,-34.67732118,GRAL PAZ,AUTO,AUTO,1
2016-0075,2016-06-12,2016,6,12,23,8,-58.47461076,-34.66874679,AUTOPISTA,AUTO,PEATON,1
2016-0076,2016-06-13,2016,6,13,16,15,-58.46210891,-34.60356211,AVENIDA,PASAJEROS,PEATON,1
2016-0077,2016-06-13,2016,6,13,21,1,-58.37027770,-34.60536123,AVENIDA,PASAJEROS,PEATON,1
2016-0078,2016-06-13,2016,6,13,23,3,-58.40491455,-34.61463830,AVENIDA,MOTO,MOTO,1
2016-0079,2016-06-16,2016,6,16,17,13,-58.45504154,-34.54864492,AVENIDA,AUTO,AUTO,1
2016-0080,2016-06-18,2016,6,18,6,9,-58.52927982,-34.63931752,GRAL PAZ,SD,AUTO,1
2016-0081,2016-06-22,2016,6,22,7,12,-58.48721060,-34.55904606,AVENIDA,AUTO,MOTO,1
2016-0082,2016-06-27,2016,6,27,18,4,-58.42273092,-34.64228803,AVENIDA,AUTO,PEATON,1
2016-0083,2016-06-28,2016,6,28,20,6,-58.44788671,-34.62539009,AVENIDA,MOTO,PEATON,1
2016-0084,2016-06-29,2016,6,29,22,1,-58.38110563,-34.60135531,CALLE,PASAJEROS,PEATON,1
2016-0085,2016-06-29,2016,6,29,22,4,-58.42378834,-34.65734100,AVENIDA,OTRO,MOTO,1
2016-0086,2016-06-30,2016,6,30,16,10,-58.48727942,-34.63652467,AVENIDA,PASAJEROS,PEATON,1
2016-0087,2016-07-02,2016,7,3,0,1,-58.37864583,-34.62907067,AUTOPISTA,OBJETO FIJO,MOTO,1
2016-0088,2016-07-11,2016,7,11,15,12,-58.50151750,-34.56767549,CALLE,AUTO,PEATON,1
2016-0089,2016-07-14,2016,7,14,6,13,-58.43233425,-34.55185825,AUTOPISTA,AUTO,PEATON,1
2016-0090,2016-07-14,2016,7,14,22,5,-58.41971993,-34.61112240,AVENIDA,PASAJEROS,PEATON,1
2016-0092,2016-07-15,2016,7,15,11,13,-58.46743471,-34.53476874,GRAL PAZ,CARGAS,MOTO,1
2016-0093,2016-07-17,2016,7,17,3,6,-58.44362126,-34.62301748,AVENIDA,AUTO,AUTO,1
2016-0095,2016-07-23,2016,7,23,6,11,-58.51713095,-34.59546519,AVENIDA,AUTO,MOTO,1
2016-0096,2016-07-25,2016,7,25,7,8,-58.47433193007387,-34.66684950051973,AUTOPISTA,CARGAS,MOTO,1
2016-0097,2016-07-26,2016,7,26,18,1,-58.39038605,-34.61562810,CALLE,AUTO,PEATON,1
2016-0098,2016-07-27,2016,7,27,16,3,-58.40042405,-34.62356174,AVENIDA,CARGAS,MOTO,1
2016-0099,2016-07-29,2016,7,29,16,11,-58.52340614,-34.59798754,GRAL PAZ,CARGAS,CARGAS,1
2016-0100,2016-08-03,2016,8,3,23,12,-58.49491054,-34.54795581,GRAL PAZ,OBJETO FIJO,MOTO,1
2016-0101,2016-08-07,2016,8,7,19,9,-58.52932872,-34.65014993,GRAL PAZ,SD,SD,1
2016-0102,2016-08-10,2016,8,10,23,9,-58.50011639,-34.67316502,AVENIDA,CARGAS,MOTO,1
2016-0104,2016-08-14,2016,8,14,21,9,-58.46635001,-34.65624369,AVENIDA,PASAJEROS,MOTO,1
2016-0105,2016-08-17,2016,8,17,0,15,-58.45343236,-34.58435809,AVENIDA,PASAJEROS,PEATON,1
2016-0106,2016-08-19,2016,8,19,21,1,-58.38090932,-34.58927731,AVENIDA,PASAJEROS,PEATON,1
2016-0107,2016-08-20,2016,8,20,8,4,-58.37157668,-34.65429986,AUTOPISTA,AUTO,MOTO,1
2016-0109,2016-08-24,2016,8,24,5,9,-58.52280139,-34.63659934,AUTOPISTA,OBJETO FIJO,AUTO,1
2016-0110,2016-08-24,2016,8,24,20,9,-58.51232237,-34.65903530,AVENIDA,SD,PEATON,1
2016-0111,2016-08-25,2016,8,25,9,15,-58.47461905,-34.57663634,AUTOPISTA,CARGAS,MOTO,1
2016-0112,2016-08-27,2016,8,27,4,1,-58.38268809,-34.62282019,AUTOPISTA,OBJETO FIJO,MOTO,1
2016-0113,2016-08-27,2016,8,27,16,9,-58.49603546,-34.64564271,AVENIDA,PASAJEROS,PEATON,1
2016-0114,2016-08-31,2016,8,31,11,14,-58.41848605,-34.59394733,CALLE,CARGAS,BICICLETA,1
2016-0115,2016-09-02,2016,9,2,11,12,-58.48935041,-34.54917673,CALLE,CARGAS,SD,1
2016-0116,2016-09-02,2016,9,2,20,8,-58.44451316,-34.68475866,AVENIDA,AUTO,MOTO,1
2016-0117,2016-09-03,2016,9,3,15,14,-58.39936478,-34.58271474,AVENIDA,AUTO,AUTO,1
2016-0118,2016-09-04,2016,9,4,3,1,-58.37936704,-34.62694503,AUTOPISTA,AUTO,AUTO,1
2016-0119,2016-09-04,2016,9,4,6,12,-58.49659234,-34.56353635,AVENIDA,SD,SD,1
2016-0122,2016-09-13,2016,9,13,7,9,-58.47256391,-34.65194557,AVENIDA,PASAJEROS,BICICLETA,1
2016-0123,2016-09-14,2016,9,14,9,7,-58.45130953,-34.64053676,AVENIDA,AUTO,MOTO,1
2016-0124,2016-09-16,2016,9,16,15,7,-58.46271207,-34.62884871,AVENIDA,PASAJEROS,PEATON,1
2016-0125,2016-09-17,2016,9,17,12,10,-58.49020869,-34.64243791,AUTOPISTA,MOTO,MOTO,1
2016-0126,2016-09-18,2016,9,18,22,10,-58.52572109,-34.62125906,CALLE,CARGAS,AUTO,2
2016-0126,2016-09-18,2016,9,18,22,10,-58.52572109,-34.62125906,CALLE,CARGAS,AUTO,2
2016-0127,2016-09-24,2016,9,24,10,8,-58.44094791,-34.66677111,AVENIDA,PASAJEROS,PEATON,1
2016-0128,2016-10-02,2016,10,2,11,5,-58.41914024,-34.63053890,AVENIDA,PASAJEROS,PEATON,1
2016-0130,2016-10-04,2016,10,4,12,1,-58.37910942,-34.62764717,AUTOPISTA,CARGAS,MOTO,1
2016-0131,2016-10-09,2016,10,9,19,4,-58.39871183,-34.64539318,CALLE,AUTO,PEATON,1
2016-0132,2016-10-10,2016,10,10,2,3,-58.41036975,-34.62477021,AVENIDA,PASAJEROS,AUTO,1
2016-0133,2016-10-14,2016,10,14,0,14,-58.40204698,-34.58342690,AVENIDA,AUTO,MOTO,1
2016-0134,2016-10-23,2016,10,23,5,8,-58.48935287,-34.67648597,AVENIDA,OBJETO FIJO,MOTO,1
2016-0135,2016-10-24,2016,10,24,5,14,-58.42260225,-34.56403694,AVENIDA,SD,PEATON,1
2016-0136,2016-10-25,2016,10,25,0,4,.,.,AUTOPISTA,CARGAS,MOTO,1
2016-0137,2016-10-25,2016,10,25,0,11,-58.51537091,-34.59035925,AVENIDA,MOTO,MOTO,1
2016-0138,2016-10-27,2016,10,27,20,13,-58.45909670,-34.55922742,AVENIDA,CARGAS,BICICLETA,1
2016-0139,2016-10-28,2016,10,28,23,14,-58.42008769,-34.56539579,AVENIDA,MOTO,MOTO,1
2016-0140,2016-10-31,2016,10,31,2,13,-58.45566399,-34.56147293,AVENIDA,PASAJEROS,PASAJEROS,1
2016-0142,2016-11-05,2016,11,5,23,1,-58.37533517,-34.59276462,AVENIDA,PASAJEROS,MOTO,1
2016-0143,2016-11-06,2016,11,6,4,8,-58.44451316,-34.68475866,AVENIDA,SD,MOTO,1
2016-0144,2016-11-07,2016,11,7,12,4,-58.35975012,-34.63343907,AVENIDA,PASAJEROS,PEATON,1
2016-0145,2016-11-07,2016,11,7,20,13,-58.44523595,-34.55953855,AVENIDA,AUTO,MOTO,1
2016-0146,2016-11-09,2016,11,9,20,4,-58.39626094,-34.63036565,AVENIDA,PASAJEROS,PEATON,1
2016-0147,2016-11-16,2016,11,16,21,1,-58.38896772,-34.61799615,AVENIDA,PASAJEROS,MOVIL,1
2016-0148,2016-11-16,2016,11,16,22,15,-58.46536113,-34.59484504,AVENIDA,MOTO,MOTO,1
2016-0150,2016-11-18,2016,11,18,18,4,-58.40879146,-34.65273216,AVENIDA,CARGAS,CARGAS,1
2016-0151,2016-11-18,2016,11,18,20,0,.,.,CALLE,SD,PEATON,1
2016-0152,2016-11-23,2016,11,23,21,7,-58.46451841,-34.64991946,AVENIDA,AUTO,MOTO,1
2016-0153,2016-11-25,2016,11,25,15,15,-58.42917090,-34.59485488,AVENIDA,MOTO,PEATON,1
2016-0154,2016-11-26,2016,11,26,14,8,-58.49007772,-34.68251141,GRAL PAZ,MOTO,MOTO,1
2016-0155,2016-11-26,2016,11,26,16,10,-58.52756365,-34.62772274,CALLE,AUTO,PEATON,1
2016-0156,2016-11-26,2016,11,26,19,3,-58.40638983,-34.61943202,AVENIDA,PASAJEROS,MOTO,1
2016-0157,2016-12-03,2016,12,3,6,11,-58.47576807,-34.61740997,AVENIDA,MOTO,MOTO,1
2016-0159,2016-12-04,2016,12,4,7,8,-58.44451316,-34.68475866,AVENIDA,SD,AUTO,1
2016-0160,2016-12-06,2016,12,6,5,9,-58.51927194,-34.63635787,AUTOPISTA,OBJETO FIJO,CARGAS,1
2016-0161,2016-12-06,2016,12,6,7,14,-58.42525456,-34.57866344,AVENIDA,PASAJEROS,PEATON,1
2016-0162,2016-12-07,2016,12,7,5,15,-58.45396573,-34.58518167,AVENIDA,AUTO,PEATON,1
2016-0163,2016-12-10,2016,12,10,7,11,-58.52340614,-34.59798754,GRAL PAZ,AUTO,MOTO,1
2016-0164,2016-12-11,2016,12,11,6,4,-58.42323628,-34.64119105,AVENIDA,AUTO,AUTO,1
2016-0165,2016-12-12,2016,12,12,8,4,-58.36926144,-34.62841919,AVENIDA,PASAJEROS,BICICLETA,1
2016-0168,2016-12-13,2016,12,13,10,4,-58.42323628,-34.64119105,AVENIDA,AUTO,MOTO,1
2016-0169,2016-12-15,2016,12,15,15,12,-58.47935434,-34.55676497,AVENIDA,PASAJEROS,MOTO,1
2016-0170,2016-12-19,2016,12,19,17,12,-58.50598256,-34.56379980,GRAL PAZ,AUTO,MOTO,1
2016-0171,2016-12-25,2016,12,25,19,1,-58.36607137,-34.62150748,AUTOPISTA,MOTO,MOTO,1
2016-0172,2016-12-26,2016,12,26,8,5,-58.41918902,-34.63174259,AVENIDA,CARGAS,MOTO,1
2016-0173,2016-12-26,2016,12,26,19,7,-58.46749188,-34.63551751,AVENIDA,CARGAS,MOTO,1
2016-0174,2016-12-27,2016,12,27,0,0,.,.,AUTOPISTA,SD,SD,1
2016-0175,2016-12-27,2016,12,27,8,7,-58.46064174,-34.62960517,CALLE,BICICLETA,PEATON,1
2016-0176,2016-12-28,2016,12,28,1,1,-58.36956186,-34.61232875,AVENIDA,PASAJEROS,MOTO,1
2016-0177,2016-12-29,2016,12,29,4,14,-58.40966671,-34.58788235,CALLE,AUTO,PEATON,1
2016-0178,2016-12-30,2016,12,30,16,3,-58.40288226,-34.61544091,CALLE,MULTIPLE,PEATON,1
2017-0001,2017-01-02,2017,1,2,1,11,-58.46594230,-34.61028571,AVENIDA,CARGAS,MOTO,1
2017-0003,2017-01-05,2017,1,5,3,4,-58.38957669,-34.64410277,AVENIDA,CARGAS,CARGAS,1
2017-0007,2017-01-11,2017,1,11,17,1,-58.38161660,-34.61529543,CALLE,MULTIPLE,PEATON,1
2017-0008,2017-01-16,2017,1,16,0,14,-58.43917004,-34.58494351,CALLE,PASAJEROS,MOTO,1
2017-0009,2017-01-16,2017,1,16,13,5,-58.41595919,-34.62743346,AUTOPISTA,CARGAS,MOTO,1
2017-0010,2017-01-16,2017,1,16,16,6,-58.43564880,-34.62828656,AVENIDA,AUTO,MOTO,1
2017-0011,2017-01-22,2017,1,22,2,12,-58.50073810,-34.54979510,GRAL PAZ,OBJETO FIJO,MOTO,1
2017-0012,2017-01-24,2017,1,24,14,4,-58.40969005,-34.65055290,CALLE,CARGAS,MOTO,1
2017-0013,2017-01-27,2017,1,27,7,4,-58.38972622,-34.65098981,AVENIDA,CARGAS,PEATON,1
2017-0014,2017-01-28,2017,1,28,8,12,-58.49185972,-34.55046754,AVENIDA,MULTIPLE,MOTO,1
2017-0015,2017-02-02,2017,2,2,15,2,-58.39293417,-34.59963642,AVENIDA,AUTO,PEATON,1
2017-0016,2017-02-03,2017,2,3,5,1,-58.38099494,-34.62288231,AUTOPISTA,CARGAS,MOTO,1
2017-0017,2017-02-06,2017,2,6,8,14,-58.42901200,-34.58095431,AVENIDA,AUTO,MOTO,1
2017-0018,2017-02-09,2017,2,9,7,9,-58.50877521,-34.66977709,GRAL PAZ,AUTO,MOTO,1
2017-0021,2017-02-18,2017,2,18,5,1,-58.38362373,-34.60509972,CALLE,PASAJEROS,MOTO,1
2017-0024,2017-02-23,2017,2,23,20,7,-58.46589308,-34.62955795,AVENIDA,PASAJEROS,PEATON,1
2017-0025,2017-02-24,2017,2,24,17,7,-58.43614426,-34.65424640,AVENIDA,SD,MOTO,1
2017-0026,2017-02-26,2017,2,26,5,4,-58.41842777,-34.64979057,AVENIDA,OBJETO FIJO,AUTO,2
2017-0026,2017-02-26,2017,2,26,5,4,-58.41842777,-34.64979057,AVENIDA,OBJETO FIJO,AUTO,2
2017-0027,2017-02-26,2017,2,26,21,1,-58.38332245,-34.63193250,AVENIDA,AUTO,PEATON,1
2017-0028,2017-02-28,2017,2,28,9,6,-58.45475488,-34.61196327,AVENIDA,AUTO,PEATON,1
2017-0029,2017-03-07,2017,3,7,2,9,-58.48501341,-34.64742455,CALLE,AUTO,SD,1
2017-0030,2017-03-07,2017,3,7,8,9,-58.47010988,-34.65872088,AVENIDA,PASAJEROS,AUTO,1
2017-0031,2017-03-11,2017,3,11,1,3,-58.40997560,-34.62873635,CALLE,OBJETO FIJO,AUTO,1
2017-0032,2017-03-12,2017,3,12,5,8,-58.48892175,-34.68359163,GRAL PAZ,AUTO,AUTO,1
2017-0033,2017-03-12,2017,3,12,7,11,-58.52466448,-34.60325478,GRAL PAZ,AUTO,AUTO,1
2017-0034,2017-03-13,2017,3,13,7,14,-58.42554218,-34.57929036,CALLE,AUTO,PEATON,1
2017-0035,2017-03-23,2017,3,23,5,1,-58.35881506,-34.61113641,AVENIDA,OBJETO FIJO,AUTO,3
2017-0035,2017-03-23,2017,3,23,5,1,-58.35881506,-34.61113641,AVENIDA,OBJETO FIJO,AUTO,3
2017-0035,2017-03-23,2017,3,23,5,1,-58.35881506,-34.61113641,AVENIDA,OBJETO FIJO,AUTO,3
2017-0036,2017-03-29,2017,3,29,18,12,-58.51452347,-34.58159762,GRAL PAZ,PASAJEROS,MOTO,2
2017-0036,2017-03-29,2017,3,29,18,12,-58.51452347,-34.58159762,GRAL PAZ,PASAJEROS,MOTO,2
2017-0037,2017-03-31,2017,3,31,3,1,-58.38896772,-34.61799615,AVENIDA,CARGAS,MOTO,1
2017-0038,2017-04-01,2017,4,1,19,7,-58.44516857,-34.64363363,AVENIDA,AUTO,MOTO,1
2017-0040,2017-04-03,2017,4,3,9,13,-58.43834197,-34.54560369,AVENIDA,MULTIPLE,AUTO,1
2017-0041,2017-04-03,2017,4,3,23,7,-58.45485084,-34.63531854,CALLE,AUTO,MOTO,1
2017-0042,2017-04-10,2017,4,10,9,14,.,.,GRAL PAZ,CARGAS,MOTO,1
2017-0045,2017-04-14,2017,4,14,6,10,-58.52449285,-34.62454175,CALLE,OBJETO FIJO,MOTO,1
2017-0047,2017-04-23,2017,4,23,6,8,-58.46713742,-34.67198790,AVENIDA,AUTO,MOTO,1
2017-0049,2017-04-27,2017,4,27,18,8,-58.43850413,-34.65554754,AVENIDA,PASAJEROS,PEATON,1
2017-0050,2017-04-28,2017,4,28,11,9,.,.,AUTOPISTA,CARGAS,MOTO,2
2017-0050,2017-04-28,2017,4,28,11,9,.,.,AUTOPISTA,CARGAS,MOTO,2
2017-0051,2017-05-01,2017,5,1,3,7,.,.,AUTOPISTA,AUTO,AUTO,1
2017-0052,2017-05-05,2017,5,5,3,8,-58.49413799,-34.68095739,GRAL PAZ,CARGAS,PEATON,1
2017-0053,2017-05-05,2017,5,5,20,4,-58.37547846,-34.65326075,CALLE,CARGAS,MOTO,1
2017-0054,2017-05-07,2017,5,7,21,15,-58.48680218,-34.58689719,AVENIDA,AUTO,MOTO,1
2017-0055,2017-05-09,2017,5,9,8,12,-58.49563989,-34.57962262,AVENIDA,AUTO,AUTO,1
2017-0058,2017-05-09,2017,5,9,23,1,-58.38403232,-34.59915940,AVENIDA,MOTO,PEATON,1
2017-0059,2017-05-11,2017,5,11,9,1,-58.38223382,-34.62693865,CALLE,PASAJEROS,PEATON,1
2017-0060,2017-05-13,2017,5,13,7,8,-58.45966521,-34.67323292,AVENIDA,OBJETO FIJO,MOTO,1
2017-0061,2017-05-15,2017,5,15,13,2,-58.39303911,-34.59871111,AVENIDA,MOTO,PEATON,1
2017-0062,2017-05-15,2017,5,15,16,10,-58.51262106,-34.63395999,AVENIDA,CARGAS,MOTO,1
2017-0063,2017-05-17,2017,5,17,10,1,-58.38118367,-34.61646839,AVENIDA,PASAJEROS,PEATON,1
2017-0064,2017-05-20,2017,5,20,5,1,-58.37653284,-34.60582475,CALLE,AUTO,CARGAS,1
2017-0065,2017-05-22,2017,5,22,16,4,-58.37709334,-34.64035082,AVENIDA,CARGAS,BICICLETA,1
2017-0066,2017-05-22,2017,5,22,18,15,-58.46002142,-34.60409469,AVENIDA,PASAJEROS,PEATON,1
2017-0067,2017-05-23,2017,5,23,2,6,-58.43381970,-34.62801894,AVENIDA,CARGAS,MOTO,1
2017-0068,2017-05-27,2017,5,27,19,8,-58.43580656,-34.66437532,AVENIDA,OBJETO FIJO,MOTO,1
2017-0069,2017-05-24,2017,5,24,14,9,-58.52173071,-34.65997463,GRAL PAZ,SD,MOTO,1
2017-0070,2017-05-30,2017,5,30,13,11,-58.50791763,-34.59804273,CALLE,AUTO,PEATON,1
2017-0072,2017-06-03,2017,6,3,23,12,-58.49175088,-34.58226957,AVENIDA,AUTO,AUTO,1
2017-0073,2017-06-04,2017,6,4,9,3,-58.40781467,-34.60425669,AVENIDA,AUTO,MOTO,1
2017-0074,2017-06-04,2017,6,4,12,9,-58.52567073,-34.63787791,CALLE,SD,SD,1
2017-0075,2017-06-12,2017,6,12,22,1,-58.38154200,-34.60906385,AVENIDA,MOTO,PEATON,1
2017-0076,2017-06-13,2017,6,13,14,2,-58.38526125,-34.57805810,AVENIDA,CARGAS,PEATON,1
2017-0077,2017-06-17,2017,6,17,23,14,-58.42934104,-34.58451712,CALLE,CARGAS,MOTO,1
2017-0079,2017-06-19,2017,6,19,16,3,-58.40657493,-34.61781124,CALLE,CARGAS,MOTO,1
2017-0080,2017-06-22,2017,6,22,10,9,-58.49525314,-34.64487785,AVENIDA,CARGAS,PEATON,1
2017-0082,2017-06-25,2017,6,25,22,4,-58.39092851,-34.62932696,AVENIDA,AUTO,PEATON,1
2017-0083,2017-07-04,2017,7,4,0,9,-58.49603546,-34.64564271,AVENIDA,CARGAS,MOTO,1
2017-0084,2017-07-05,2017,7,5,12,2,-58.38502878,-34.58703485,AVENIDA,PASAJEROS,PEATON,1
2017-0085,2017-07-07,2017,7,7,14,4,-58.37261143,-34.63150425,AVENIDA,PASAJEROS,PEATON,1
2017-0086,2017-07-09,2017,7,9,7,9,-58.51876802,-34.63905965,AVENIDA,MOTO,PEATON,1
2017-0087,2017-07-10,2017,7,10,10,3,-58.41095567,-34.61516101,CALLE,AUTO,PEATON,1
2017-0088,2017-07-10,2017,7,10,22,1,-58.36797542,-34.62519403,AVENIDA,PASAJEROS,PEATON,1
2017-0089,2017-07-13,2017,7,13,12,9,-58.51514709,-34.64787051,CALLE,AUTO,SD,1
2017-0090,2017-07-15,2017,7,15,5,11,-58.51925642,-34.59171721,GRAL PAZ,AUTO,PEATON,1
2017-0091,2017-07-15,2017,7,15,13,12,-58.48671535,-34.54321216,GRAL PAZ,SD,MOTO,1
2017-0092,2017-07-24,2017,7,24,22,1,-58.38268809,-34.62282019,AUTOPISTA,AUTO,PEATON,1
2017-0093,2017-07-25,2017,7,25,16,13,-58.43633522,-34.54966288,AUTOPISTA,AUTO,PEATON,1
2017-0094,2017-07-27,2017,7,27,8,10,-58.52640838,-34.61765855,CALLE,CARGAS,BICICLETA,1
2017-0095,2017-08-06,2017,8,6,8,14,-58.41894306,-34.59778875,AVENIDA,AUTO,MOTO,1
2017-0096,2017-08-07,2017,8,7,19,13,-58.46756026,-34.54972741,AVENIDA,PASAJEROS,PEATON,1
2017-0098,2017-08-08,2017,8,8,12,7,-58.45715752,-34.63132912,CALLE,AUTO,PEATON,1
2017-0099,2017-08-17,2017,8,17,19,14,-58.42406784,-34.56213916,AVENIDA,AUTO,BICICLETA,1
2017-0100,2017-08-21,2017,8,21,7,3,-58.39674470,-34.61512051,CALLE,OBJETO FIJO,MOTO,1
2017-0101,2017-08-23,2017,8,23,10,13,-58.44537508,-34.57084818,AVENIDA,MULTIPLE,PEATON,1
2017-0102,2017-08-24,2017,8,24,1,4,-58.40056767,-34.65107080,AVENIDA,CARGAS,PEATON,1
2017-0104,2017-08-25,2017,8,25,9,1,-58.38109568,-34.61853244,AVENIDA,CARGAS,PEATON,1
2017-0106,2017-08-31,2017,8,31,19,14,-58.42533612,-34.58035258,CALLE,PASAJEROS,PEATON,1
2017-0107,2017-09-01,2017,9,1,11,13,-58.46062311,-34.54395182,AVENIDA,CARGAS,MOTO,1
2017-0108,2017-09-02,2017,9,2,4,12,-58.49491054,-34.54795581,GRAL PAZ,AUTO,AUTO,2
2017-0108,2017-09-02,2017,9,2,4,12,-58.49491054,-34.54795581,GRAL PAZ,AUTO,AUTO,2
2017-0109,2017-09-04,2017,9,4,21,7,-58.47130269,-34.63665402,AVENIDA,AUTO,MOTO,1
2017-0110,2017-09-06,2017,9,6,14,1,-58.37048800,-34.60189492,AVENIDA,PASAJEROS,PEATON,1
2017-0111,2017-09-07,2017,9,7,18,4,-58.42023854,-34.64234110,CALLE,CARGAS,PEATON,1
2017-0112,2017-09-10,2017,9,10,9,7,-58.45807401,-34.63997430,AUTOPISTA,OBJETO FIJO,AUTO,2
2017-0112,2017-09-10,2017,9,10,9,7,-58.45807401,-34.63997430,AUTOPISTA,OBJETO FIJO,AUTO,2
2017-0113,2017-09-11,2017,9,11,6,1,-58.37697717,-34.59573848,AVENIDA,PASAJEROS,PEATON,1
2017-0114,2017-09-15,2017,9,15,2,2,-58.39100580,-34.58498660,AVENIDA,OBJETO FIJO,AUTO,1
2017-0115,2017-09-19,2017,9,19,18,5,-58.42182126,-34.63089661,AVENIDA,BICICLETA,MOTO,1
2017-0116,2017-09-20,2017,9,20,22,12,-58.51389422,-34.58075791,GRAL PAZ,OBJETO FIJO,MOTO,1
2017-0118,2017-09-22,2017,9,22,7,4,-58.37585415,-34.65232158,AVENIDA,AUTO,MOTO,1
2017-0120,2017-10-02,2017,10,2,15,9,-58.47297505,-34.66245085,AUTOPISTA,CARGAS,MOTO,1
2017-0123,2017-10-10,2017,10,10,1,8,-58.46855503,-34.67216349,AVENIDA,AUTO,PEATON,1
2017-0124,2017-10-12,2017,10,12,14,15,-58.44254033,-34.59185043,CALLE,PASAJEROS,MOTO,1
2017-0125,2017-10-13,2017,10,13,6,8,-58.46622247,-34.67926929,AVENIDA,OBJETO FIJO,MOTO,1
2017-0126,2017-10-14,2017,10,14,6,8,-58.48003734,-34.68148508,AVENIDA,OBJETO FIJO,AUTO,2
2017-0126,2017-10-14,2017,10,14,6,8,-58.48003734,-34.68148508,AVENIDA,OBJETO FIJO,AUTO,2
2017-0127,2017-10-16,2017,10,16,7,2,-58.41192137,-34.59800248,AVENIDA,MOTO,MOTO,1
2017-0128,2017-10-17,2017,10,17,12,6,-58.44034689,-34.61349731,CALLE,PASAJEROS,PEATON,1
2017-0129,2017-10-26,2017,10,26,19,9,-58.47155277,-34.64925746,AUTOPISTA,PASAJEROS,MOTO,1
2017-0130,2017-10-27,2017,10,27,5,15,-58.47883099,-34.59967065,AVENIDA,CARGAS,AUTO,1
2017-0132,2017-10-30,2017,10,30,14,8,-58.46552171,-34.69374130,AVENIDA,PASAJEROS,MOTO,1
2017-0134,2017-11-06,2017,11,6,18,8,-58.44239720,-34.66777987,AVENIDA,PASAJEROS,PEATON,1
2017-0135,2017-11-07,2017,11,7,12,15,-58.47032551,-34.59626814,AVENIDA,CARGAS,MOTO,1
2017-0136,2017-11-16,2017,11,16,8,4,-58.41827843,-34.65522746,AVENIDA,PASAJEROS,PEATON,1
2017-0137,2017-11-17,2017,11,17,11,11,-58.51280715,-34.59279388,AVENIDA,CARGAS,PEATON,1
2017-0138,2017-11-19,2017,11,19,10,7,-58.46258582,-34.64385704,AVENIDA,OBJETO FIJO,MOTO,1
2017-0139,2017-11-19,2017,11,19,22,8,-58.45064148,-34.68003614,AVENIDA,OBJETO FIJO,AUTO,1
2017-0140,2017-11-19,2017,11,19,23,4,.,.,AUTOPISTA,PASAJEROS,MOTO,1
2017-0141,2017-11-23,2017,11,23,19,6,-58.42717783,-34.62513374,AVENIDA,PASAJEROS,PEATON,1
2017-0143,2017-11-25,2017,11,25,21,11,-58.46442001,-34.60724519,CALLE,PASAJEROS,AUTO,1
2017-0144,2017-11-26,2017,11,26,6,8,-58.47064556,-34.69843756,GRAL PAZ,OBJETO FIJO,AUTO,1
2017-0145,2017-11-26,2017,11,26,17,5,-58.41677733,-34.61223119,CALLE,AUTO,MOTO,1
2017-0147,2017-11-28,2017,11,28,11,9,-58.50251790,-34.67450313,GRAL PAZ,AUTO,MOTO,1
2017-0148,2017-11-29,2017,11,29,10,3,-58.40708125,-34.62438894,AVENIDA,PASAJEROS,PEATON,1
2017-0149,2017-11-30,2017,11,30,12,1,-58.36947198,-34.61477051,AVENIDA,PASAJEROS,PEATON,1
2017-0150,2017-12-04,2017,12,4,1,9,-58.51140889,-34.63934531,AVENIDA,AUTO,PEATON,1
2017-0151,2017-12-04,2017,12,4,2,4,-58.37460912,-34.65559133,CALLE,PASAJEROS,PEATON,1
2017-0152,2017-12-06,2017,12,6,17,4,-58.41146277,-34.65073916,CALLE,PASAJEROS,BICICLETA,1
2017-0153,2017-12-11,2017,12,11,2,6,-58.42855267,-34.61829385,AVENIDA,PASAJEROS,MOTO,2
2017-0153,2017-12-11,2017,12,11,2,6,-58.42855267,-34.61829385,AVENIDA,PASAJEROS,MOTO,2
2017-0154,2017-12-11,2017,12,11,9,4,-58.39035581,-34.63412287,AVENIDA,PASAJEROS,PEATON,1
2017-0155,2017-12-12,2017,12,12,21,7,-58.45593915,-34.62656868,AVENIDA,MOTO,SD,1
2017-0157,2017-12-17,2017,12,17,9,9,-58.52866211,-34.64597065,GRAL PAZ,PASAJEROS,AUTO,1
2017-0158,2017-12-18,2017,12,18,21,11,-58.52037476,-34.59407024,GRAL PAZ,AUTO,MOTO,1
2017-0159,2017-12-20,2017,12,20,4,1,-58.38896772,-34.61799615,AVENIDA,AUTO,MOTO,1
2017-0160,2017-12-22,2017,12,22,13,7,-58.47074114,-34.62771756,AVENIDA,MOTO,PEATON,1
2017-0161,2017-12-26,2017,12,26,15,9,-58.48200819,-34.65969965,AVENIDA,AUTO,PEATON,1
2018-0001,2018-01-01,2018,1,1,22,3,-58.39536773,-34.62297346,AVENIDA,MOTO,PEATON,1
2018-0002,2018-01-03,2018,1,3,16,1,-58.37456088,-34.61895467,CALLE,PASAJEROS,BICICLETA,1
2018-0003,2018-01-05,2018,1,5,10,15,-58.44860217,-34.60395657,AVENIDA,MULTIPLE,PEATON,1
2018-0004,2018-01-09,2018,1,9,9,13,-58.46129513,-34.54332766,AVENIDA,MULTIPLE,MOTO,1
2018-0005,2018-01-09,2018,1,9,22,1,-58.36907201,-34.61953517,AVENIDA,PASAJEROS,PEATON,1
2018-0006,2018-01-10,2018,1,10,21,6,-58.44062219,-34.62499107,CALLE,PASAJEROS,BICICLETA,1
2018-0007,2018-01-11,2018,1,11,2,9,-58.52502765,-34.63601265,AUTOPISTA,AUTO,AUTO,1
2018-0008,2018-01-12,2018,1,12,17,1,-58.36659655,-34.61687778,AVENIDA,CARGAS,MOTO,1
2018-0009,2018-01-14,2018,1,14,2,4,-58.36737389,-34.62763661,AVENIDA,MOTO,MOTO,1
2018-0010,2018-01-18,2018,1,18,5,10,-58.49807953,-34.63038658,CALLE,CARGAS,MOTO,1
2018-0011,2018-01-19,2018,1,19,10,2,-58.39092703,-34.59088447,AVENIDA,PASAJEROS,PEATON,1
2018-0012,2018-01-26,2018,1,26,13,8,-58.46912006,-34.68049201,CALLE,PASAJEROS,MOTO,1
2018-0013,2018-01-28,2018,1,28,8,12,-58.48661286,-34.56786129,AVENIDA,AUTO,MOTO,1
2018-0014,2018-01-31,2018,1,31,20,7,-58.44074927,-34.65080597,AVENIDA,MOTO,PEATON,1
2018-0015,2018-02-06,2018,2,6,1,4,-58.38636298,-34.64684275,AVENIDA,PASAJEROS,MOTO,2
2018-0015,2018-02-06,2018,2,6,1,4,-58.38636298,-34.64684275,AVENIDA,PASAJEROS,MOTO,2
2018-0016,2018-02-15,2018,2,15,10,1,-58.37533517,-34.59276462,AVENIDA,CARGAS,MOTO,1
2018-0017,2018-02-17,2018,2,17,4,7,-58.46963952,-34.63070603,AVENIDA,AUTO,PEATON,1
2018-0018,2018-02-17,2018,2,17,7,4,-58.37207554,-34.64543658,CALLE,CARGAS,MOTO,1
2018-0019,2018-02-17,2018,2,17,12,2,-58.39189441,-34.59176378,AVENIDA,PASAJEROS,PEATON,1
2018-0020,2018-02-19,2018,2,19,22,8,-58.45012957,-34.66518343,AUTOPISTA,CARGAS,MOTO,1
2018-0021,2018-02-22,2018,2,22,10,4,-58.40184094,-34.64546845,AVENIDA,PASAJEROS,PEATON,1
2018-0022,2018-02-24,2018,2,24,0,4,-58.37441153,-34.63966783,AVENIDA,CARGAS,MOTO,1
2018-0023,2018-02-24,2018,2,24,6,6,-58.44110156,-34.62082399,CALLE,AUTO,MOTO,1
2018-0024,2018-02-28,2018,2,28,23,15,-58.47087351,-34.57827342,AVENIDA,CARGAS,PEATON,1
2018-0025,2018-03-04,2018,3,4,22,7,-58.45962210,-34.62245140,AVENIDA,AUTO,PEATON,1
2018-0026,2018-03-09,2018,3,9,4,4,-58.41657793,-34.65476216,AVENIDA,CARGAS,MOVIL,2
2018-0026,2018-03-09,2018,3,9,4,4,-58.41657793,-34.65476216,AVENIDA,CARGAS,MOVIL,2
2018-0027,2018-03-11,2018,3,11,23,5,-58.41911301,-34.63722107,CALLE,MOTO,PEATON,1
2018-0028,2018-03-13,2018,3,13,15,9,-58.47120586,-34.64251042,AVENIDA,CARGAS,PEATON,1
2018-0029,2018-03-15,2018,3,15,18,11,-58.47418944,-34.62049672,AVENIDA,AUTO,MOTO,1
2018-0030,2018-03-20,2018,3,20,1,15,-58.46720441,-34.57905579,AVENIDA,MOTO,MOTO,1
2018-0031,2018-03-28,2018,3,28,10,11,-58.46909362,-34.61779710,AVENIDA,CARGAS,MOTO,1
2018-0032,2018-04-02,2018,4,2,13,13,-58.44704343,-34.56888640,AVENIDA,PASAJEROS,PEATON,1
2018-0033,2018-04-07,2018,4,7,7,10,-58.50535541,-34.62902048,AVENIDA,CARGAS,MOTO,1
2018-0034,2018-04-11,2018,4,11,18,2,-58.40021675,-34.59522198,AVENIDA,PASAJEROS,PEATON,1
2018-0035,2018-04-12,2018,4,12,16,7,-58.46325991,-34.62919627,AVENIDA,PASAJEROS,PEATON,1
2018-0036,2018-04-13,2018,4,13,23,15,-58.49471482,-34.59694755,AVENIDA,AUTO,MOTO,1
2018-0037,2018-04-18,2018,4,18,18,2,-58.39872610,-34.59975962,AVENIDA,CARGAS,PEATON,1
2018-0038,2018-04-20,2018,4,20,17,1,-58.38872177,-34.60885045,AVENIDA,AUTO,PEATON,2
2018-0038,2018-04-20,2018,4,20,17,1,-58.38872177,-34.60885045,AVENIDA,AUTO,PEATON,2
2018-0039,2018-04-21,2018,4,21,22,14,.,.,AUTOPISTA,AUTO,PEATON,1
2018-0040,2018-04-27,2018,4,27,11,13,-58.45686132,-34.57305993,CALLE,CARGAS,PEATON,1
2018-0041,2018-04-27,2018,4,27,13,4,-58.42281627,-34.64282424,AVENIDA,PASAJEROS,PEATON,1
2018-0042,2018-04-27,2018,4,27,18,4,-58.38666024,-34.63953396,CALLE,CARGAS,MOTO,1
2018-0043,2018-04-28,2018,4,28,6,11,-58.49122843,-34.61207587,AVENIDA,AUTO,MOTO,1
2018-0044,2018-04-28,2018,4,28,9,3,-58.40098306,-34.61866627,AVENIDA,AUTO,PEATON,1
2018-0045,2018-04-30,2018,4,30,7,13,-58.45448963,-34.57916920,AVENIDA,CARGAS,AUTO,1
2018-0046,2018-05-02,2018,5,2,3,9,-58.52927982,-34.63931752,GRAL PAZ,AUTO,PEATON,1
2018-0047,2018-05-08,2018,5,8,19,15,-58.44759966,-34.59170240,AVENIDA,PASAJEROS,PEATON,1
2018-0048,2018-05-09,2018,5,9,10,7,-58.46411215,-34.62925068,AVENIDA,PASAJEROS,PEATON,1
2018-0049,2018-05-11,2018,5,11,19,13,-58.46213220,-34.55395823,CALLE,AUTO,PEATON,1
2018-0050,2018-05-14,2018,5,14,18,13,-58.45669422,-34.56203610,AVENIDA,PASAJEROS,PEATON,1
2018-0051,2018-05-15,2018,5,15,21,4,-58.35977160,-34.64341878,CALLE,AUTO,PEATON,1
2018-0052,2018-05-18,2018,5,18,20,15,-58.49820145,-34.59070093,AVENIDA,PASAJEROS,PEATON,1
2018-0053,2018-05-20,2018,5,20,2,3,-58.41059280,-34.59939180,CALLE,AUTO,MOTO,1
2018-0054,2018-05-22,2018,5,22,11,12,-58.47969138,-34.57121563,CALLE,BICICLETA,PEATON,1
2018-0055,2018-05-29,2018,5,29,7,3,-58.40351561,-34.61883916,AVENIDA,AUTO,MOTO,1
2018-0056,2018-06-02,2018,6,2,13,9,-58.51973844,-34.63918987,AVENIDA,PASAJEROS,PEATON,1
2018-0057,2018-06-03,2018,6,3,3,3,-58.39311376,-34.62163006,CALLE,PASAJEROS,MOTO,1
2018-0058,2018-06-03,2018,6,3,6,15,-58.43531242,-34.59082159,AVENIDA,AUTO,MOTO,1
2018-0059,2018-06-08,2018,6,8,6,5,-58.41178165,-34.63035454,AVENIDA,OTRO,MOTO,1
2018-0060,2018-06-08,2018,6,8,12,1,-58.37048800,-34.60189492,AVENIDA,PASAJEROS,PEATON,1
2018-0061,2018-06-10,2018,6,10,11,3,-58.39883882,-34.61964833,CALLE,MOTO,MOTO,1
2018-0062,2018-06-14,2018,6,14,1,6,-58.44110156,-34.62082399,CALLE,CARGAS,PEATON,1
2018-0063,2018-06-16,2018,6,16,21,1,-58.37093138,-34.59952725,AVENIDA,PASAJEROS,PEATON,1
2018-0064,2018-06-25,2018,6,25,1,7,-58.45855262,-34.63953253,AVENIDA,CARGAS,AUTO,1
2018-0065,2018-06-26,2018,6,26,17,1,-58.38161909,-34.59283447,CALLE,CARGAS,MOTO,1
2018-0066,2018-06-28,2018,6,28,11,15,-58.45511899,-34.58698157,AVENIDA,PASAJEROS,PEATON,1
2018-0067,2018-06-29,2018,6,29,16,4,-58.37724226,-34.62973033,AVENIDA,AUTO,PASAJEROS,1
2018-0068,2018-07-01,2018,7,1,9,7,-58.45546217,-34.62930339,AVENIDA,AUTO,MOTO,1
2018-0069,2018-07-04,2018,7,4,21,2,-58.39897064,-34.59954925,AVENIDA,PASAJEROS,BICICLETA,1
2018-0070,2018-07-07,2018,7,7,15,3,-58.40917826,-34.62126274,CALLE,PASAJEROS,MOTO,1
2018-0071,2018-07-10,2018,7,10,17,1,-58.36726348,-34.61099738,AVENIDA,CARGAS,MOTO,1
2018-0072,2018-07-11,2018,7,11,13,8,-58.48267426,-34.68454456,AUTOPISTA,CARGAS,MOTO,1
2018-0073,2018-07-11,2018,7,11,15,4,-58.39546165,-34.65168841,AVENIDA,CARGAS,PEATON,1
2018-0074,2018-07-14,2018,7,14,6,7,-58.46941984,-34.63376545,AVENIDA,CARGAS,AUTO,1
2018-0075,2018-07-15,2018,7,15,7,14,-58.40367321,-34.58129246,AVENIDA,AUTO,PEATON,1
2018-0076,2018-07-16,2018,7,16,9,9,-58.52932872,-34.65014993,CALLE,CARGAS,AUTO,1
2018-0077,2018-07-16,2018,7,16,23,3,-58.40917826,-34.62126274,CALLE,CARGAS,AUTO,1
2018-0078,2018-07-21,2018,7,21,6,2,-58.41264127,-34.59473294,CALLE,AUTO,PEATON,1
2018-0079,2018-07-23,2018,7,23,7,9,-58.50877521,-34.66977709,GRAL PAZ,CARGAS,PEATON,1
2018-0080,2018-07-25,2018,7,25,22,9,-58.51232237,-34.65903530,AVENIDA,AUTO,PEATON,1
2018-0081,2018-07-29,2018,7,29,6,7,-58.44744156,-34.64567171,AVENIDA,MULTIPLE,PEATON,1
2018-0082,2018-08-01,2018,8,1,15,9,-58.49441273,-34.65869968,AVENIDA,CARGAS,MOTO,1
2018-0083,2018-08-02,2018,8,2,5,8,-58.47976785,-34.69153196,GRAL PAZ,CARGAS,MOTO,1
2018-0084,2018-08-03,2018,8,3,7,1,-58.36523349,-34.62260331,AVENIDA,CARGAS,PEATON,1
2018-0085,2018-08-03,2018,8,3,18,3,-58.39118948,-34.62704273,AVENIDA,PASAJEROS,MOTO,2
2018-0085,2018-08-03,2018,8,3,18,3,-58.39118948,-34.62704273,AVENIDA,PASAJEROS,MOTO,2
2018-0086,2018-08-10,2018,8,10,21,9,-58.49019551,-34.65015854,AVENIDA,PASAJEROS,PEATON,1
2018-0087,2018-08-15,2018,8,15,19,5,-58.41644362,-34.63023775,AVENIDA,PASAJEROS,PEATON,1
2018-0088,2018-08-17,2018,8,17,16,12,-58.50073810,-34.54979510,GRAL PAZ,CARGAS,MOTO,1
2018-0089,2018-08-17,2018,8,17,17,4,-58.39626094,-34.63036565,AVENIDA,PASAJEROS,PEATON,1
2018-0090,2018-08-18,2018,8,18,10,8,-58.43284809,-34.67051543,AVENIDA,AUTO,MOTO,1
2018-0091,2018-08-19,2018,8,19,18,9,-58.52280139,-34.63659934,AUTOPISTA,AUTO,AUTO,1
2018-0092,2018-08-20,2018,8,20,8,14,-58.42336930,-34.59774487,AVENIDA,AUTO,MOTO,1
2018-0093,2018-08-20,2018,8,20,8,1,-58.38691681,-34.63105973,CALLE,PASAJEROS,PEATON,1
2018-0094,2018-08-23,2018,8,23,5,14,-58.41169020,-34.58579880,CALLE,PASAJEROS,MOTO,1
2018-0095,2018-08-26,2018,8,26,0,9,-58.46739825,-34.65117757,AVENIDA,AUTO,AUTO,1
2018-0096,2018-08-31,2018,8,31,22,8,-58.44483258,-34.67152226,AUTOPISTA,AUTO,PEATON,1
2018-0097,2018-09-02,2018,9,2,10,8,-58.43254025,-34.66128115,AVENIDA,OTRO,AUTO,1
2018-0098,2018-09-09,2018,9,9,5,8,-58.47199387,-34.69640164,GRAL PAZ,AUTO,AUTO,2
2018-0098,2018-09-09,2018,9,9,5,8,-58.47199387,-34.69640164,GRAL PAZ,AUTO,AUTO,2
2018-0099,2018-09-12,2018,9,12,14,7,-58.46411215,-34.62925068,AVENIDA,PASAJEROS,PEATON,1
2018-0100,2018-09-20,2018,9,20,10,1,-58.36217754,-34.62367156,AVENIDA,AUTO,MOTO,1
2018-0101,2018-09-21,2018,9,21,0,12,-58.48098594,-34.54073130,GRAL PAZ,MULTIPLE,AUTO,1
2018-0102,2018-09-21,2018,9,21,0,4,-58.41083404,-34.64640709,CALLE,AUTO,MOTO,1
2018-0103,2018-09-27,2018,9,27,17,7,-58.44609828,-34.64446729,AVENIDA,MOTO,PEATON,1
2018-0104,2018-10-01,2018,10,1,8,4,-58.37709334,-34.64035082,AUTOPISTA,MOTO,MOTO,1
2018-0105,2018-10-03,2018,10,3,18,7,-58.46963952,-34.63070603,AVENIDA,PASAJEROS,PEATON,1
2018-0106,2018-10-04,2018,10,4,22,13,-58.43674281,-34.55161027,AVENIDA,MOTO,MOTO,1
2018-0107,2018-10-06,2018,10,6,14,3,-58.40596860,-34.61011987,AVENIDA,PASAJEROS,PEATON,1
2018-0108,2018-10-09,2018,10,9,14,1,-58.36154069,-34.60463618,AVENIDA,AUTO,MOTO,1
2018-0109,2018-10-10,2018,10,10,22,1,-58.37062179,-34.60066507,AVENIDA,PASAJEROS,PEATON,1
2018-0110,2018-10-13,2018,10,13,3,15,-58.43220014,-34.60207186,AVENIDA,MOTO,PEATON,1
2018-0111,2018-10-19,2018,10,19,12,9,-58.46958442,-34.64949724,AUTOPISTA,CARGAS,MOTO,1
2018-0112,2018-10-24,2018,10,24,9,15,-58.44671397,-34.59970903,CALLE,CARGAS,MOTO,1
2018-0113,2018-10-25,2018,10,25,11,11,-58.47152163,-34.61474911,CALLE,CARGAS,MOTO,1
2018-0114,2018-10-30,2018,10,30,2,1,-58.39032921,-34.61807951,AVENIDA,AUTO,MOTO,1
2018-0115,2018-10-31,2018,10,31,12,9,-58.52887773,-34.64297861,CALLE,PASAJEROS,PEATON,1
2018-0116,2018-11-01,2018,11,1,10,8,-58.49371157,-34.67981324,GRAL PAZ,CARGAS,PEATON,1
2018-0117,2018-11-04,2018,11,4,8,9,-58.48266599,-34.66012327,AVENIDA,MOTO,MOTO,1
2018-0118,2018-11-05,2018,11,5,14,3,-58.40612253,-34.60774301,AVENIDA,MOTO,PEATON,1
2018-0119,2018-11-05,2018,11,5,22,8,-58.43613623,-34.66292532,AVENIDA,SD,PEATON,1
2018-0120,2018-11-09,2018,11,9,13,12,-58.48250732,-34.57208238,AVENIDA,AUTO,PEATON,1
2018-0121,2018-11-09,2018,11,9,16,10,-58.49945705,-34.63743280,AVENIDA,PASAJEROS,PEATON,1
2018-0122,2018-11-12,2018,11,12,1,8,-58.47743966,-34.67233407,AUTOPISTA,AUTO,AUTO,1
2018-0123,2018-11-12,2018,11,12,3,9,-58.50251790,-34.67450313,GRAL PAZ,SD,AUTO,1
2018-0124,2018-11-15,2018,11,15,19,9,-58.52144411,-34.63682499,AUTOPISTA,CARGAS,CARGAS,1
2018-0125,2018-11-16,2018,11,16,21,4,-58.41650465,-34.65084045,AVENIDA,PASAJEROS,PEATON,1
2018-0126,2018-11-18,2018,11,18,12,9,-58.52994219,-34.64055918,GRAL PAZ,AUTO,MOTO,1
2018-0127,2018-11-19,2018,11,19,9,12,-58.50993046,-34.56919739,GRAL PAZ,MOTO,MOTO,1
2018-0128,2018-11-25,2018,11,25,4,9,-58.52844623,-34.64592873,GRAL PAZ,PASAJEROS,AUTO,2
2018-0128,2018-11-25,2018,11,25,4,9,-58.52844623,-34.64592873,GRAL PAZ,PASAJEROS,AUTO,2
2018-0129,2018-11-28,2018,11,28,4,15,-58.45021367,-34.58695347,AVENIDA,PASAJEROS,MOTO,1
2018-0130,2018-12-03,2018,12,3,3,10,-58.49022072,-34.62770192,AVENIDA,PASAJEROS,MOTO,1
2018-0131,2018-12-07,2018,12,7,19,1,-58.36860866,-34.60106568,AVENIDA,CARGAS,MOTO,1
2018-0132,2018-12-12,2018,12,12,8,2,-58.39490504,-34.57241534,AUTOPISTA,CARGAS,PEATON,1
2018-0133,2018-12-12,2018,12,12,14,7,-58.46963952,-34.63070603,AVENIDA,CARGAS,PEATON,1
2018-0134,2018-12-12,2018,12,12,21,7,-58.42349365,-34.64019887,AVENIDA,MOTO,PEATON,1
2018-0135,2018-12-18,2018,12,18,14,1,-58.37471802,-34.61265002,AVENIDA,PASAJEROS,PEATON,1
2018-0136,2018-12-18,2018,12,18,15,7,-58.46438789,-34.62913916,AVENIDA,PASAJEROS,PEATON,1
2018-0137,2018-12-18,2018,12,18,20,1,-58.38481975,-34.61100424,CALLE,PASAJEROS,MOTO,1
2018-0138,2018-12-21,2018,12,21,9,10,-58.50751833,-34.62073702,CALLE,PASAJEROS,PASAJEROS,1
2018-0139,2018-12-22,2018,12,22,6,7,-58.44682986,-34.63888084,CALLE,MOTO,MOTO,1
2018-0140,2018-12-22,2018,12,22,8,1,-58.36004650,-34.61381341,CALLE,AUTO,AUTO,1
2018-0141,2018-12-22,2018,12,22,17,5,-58.41509546,-34.62085945,AVENIDA,MOTO,PEATON,1
2018-0142,2018-12-25,2018,12,25,13,12,-58.50997604,-34.57251072,GRAL PAZ,PASAJEROS,CARGAS,1
2018-0143,2018-12-29,2018,12,29,5,10,-58.48606475,-34.64047818,AVENIDA,AUTO,MOTO,1
2019-0001,2019-01-08,2019,1,8,8,2,-58.38526125,-34.57805810,AVENIDA,CARGAS,MOTO,1
2019-0002,2019-01-09,2019,1,9,4,7,-58.45463662,-34.65082149,AVENIDA,CARGAS,AUTO,1
2019-0003,2019-01-12,2019,1,12,8,15,-58.49121672,-34.59718073,AVENIDA,AUTO,MOTO,1
2019-0004,2019-01-14,2019,1,14,19,9,-58.47325712,-34.65284605,AVENIDA,PASAJEROS,AUTO,1
2019-0005,2019-01-19,2019,1,19,12,10,-58.52108101,-34.63382309,AVENIDA,CARGAS,MOTO,1
2019-0006,2019-01-23,2019,1,23,5,14,-58.41652702,-34.55509606,AVENIDA,AUTO,PEATON,1
2019-0007,2019-01-26,2019,1,26,19,5,-58.42891604,-34.61071660,CALLE,AUTO,MOTO,1
2019-0008,2019-01-30,2019,1,30,22,8,-58.47802293,-34.69156793,GRAL PAZ,MULTIPLE,MOTO,1
2019-0009,2019-01-31,2019,1,31,14,1,-58.37564821,-34.62200207,AVENIDA,AUTO,MOTO,1
2019-0010,2019-02-02,2019,2,2,7,14,-58.42668489,-34.56961468,AVENIDA,AUTO,PEATON,2
2019-0010,2019-02-02,2019,2,2,7,14,-58.42668489,-34.56961468,AVENIDA,AUTO,PEATON,2
2019-0011,2019-02-10,2019,2,10,1,9,-58.51839930,-34.66252488,GRAL PAZ,AUTO,PEATON,1
2019-0012,2019-02-17,2019,2,17,3,8,-58.48432691,-34.67665828,AVENIDA,AUTO,MOTO,1
2019-0013,2019-02-20,2019,2,20,7,7,-58.43383830,-34.64457699,CALLE,AUTO,PEATON,1
2019-0014,2019-02-20,2019,2,20,17,11,-58.51664939,-34.58657938,CALLE,OBJETO FIJO,MOTO,1
2019-0015,2019-02-23,2019,2,23,6,11,-58.49613012,-34.59703502,AVENIDA,OBJETO FIJO,AUTO,1
2019-0016,2019-02-24,2019,2,24,2,4,-58.38313603,-34.63356284,CALLE,PASAJEROS,MOTO,1
2019-0017,2019-03-03,2019,3,3,7,3,-58.39914719,-34.61632317,CALLE,PASAJEROS,AUTO,1
2019-0018,2019-03-03,2019,3,3,23,13,-58.44927253,-34.54048625,AUTOPISTA,AUTO,PEATON,1
2019-0019,2019-03-06,2019,3,6,12,13,-58.45049163,-34.55374003,AVENIDA,AUTO,MOTO,1
2019-0020,2019-03-07,2019,3,7,21,5,-58.41288952,-34.63572989,AVENIDA,AUTO,MOTO,1
2019-0021,2019-03-15,2019,3,15,22,7,-58.45743597,-34.62561234,AVENIDA,AUTO,MOTO,1
2019-0022,2019-03-15,2019,3,15,0,1,-58.39123782,-34.62352245,AVENIDA,SD,AUTO,1
2019-0023,2019-03-16,2019,3,16,8,9,-58.52922765,-34.63637963,GRAL PAZ,OBJETO FIJO,AUTO,1
2019-0024,2019-03-19,2019,3,19,7,1,-58.37208118,-34.58541957,AVENIDA,CARGAS,MOTO,1
2019-0025,2019-03-22,2019,3,22,13,5,-58.41458534,-34.60937557,CALLE,AUTO,PEATON,1
2019-0026,2019-03-28,2019,3,28,7,8,-58.47976785,-34.69153196,AVENIDA,PASAJEROS,PEATON,1
2019-0027,2019-03-28,2019,3,28,11,2,-58.39990285,-34.59511714,AVENIDA,MULTIPLE,BICICLETA,1
2019-0028,2019-04-06,2019,4,6,9,11,-58.46051346,-34.60588536,AVENIDA,PASAJEROS,PEATON,1
2019-0029,2019-04-07,2019,4,7,10,8,-58.47976785,-34.69153196,AVENIDA,OBJETO FIJO,MOTO,1
2019-0030,2019-04-09,2019,4,9,16,7,-58.45457546,-34.62447891,CALLE,CARGAS,MOTO,1
2019-0031,2019-04-12,2019,4,12,19,1,-58.36951669,-34.59832047,AVENIDA,CARGAS,BICICLETA,1
2019-0032,2019-04-16,2019,4,16,11,11,-58.46415322,-34.60443790,AVENIDA,AUTO,PEATON,1
2019-0033,2019-04-18,2019,4,18,1,1,-58.36607137,-34.62150748,AUTOPISTA,SD,MOTO,1
2019-0034,2019-04-21,2019,4,21,9,7,-58.45537373,-34.65093074,AVENIDA,OBJETO FIJO,MOTO,1
2019-0035,2019-04-23,2019,4,23,14,1,-58.37942637,-34.60053054,CALLE,BICICLETA,PEATON,1
2019-0036,2019-04-26,2019,4,26,22,6,-58.43680440,-34.62147504,CALLE,AUTO,MOTO,1
2019-0037,2019-05-01,2019,5,1,23,3,-58.40778291,-34.61971907,AVENIDA,AUTO,MOTO,1
2019-0038,2019-05-04,2019,5,4,14,13,-58.45212523,-34.54628513,AVENIDA,MOTO,PEATON,1
2019-0105,2019-05-05,2019,5,5,11,10,-58.50512382,-34.61520391,AVENIDA,AUTO,PEATON,1
2019-0039,2019-05-09,2019,5,9,3,7,-58.46749188,-34.63551751,AVENIDA,AUTO,MOTO,1
2019-0040,2019-05-09,2019,5,9,12,7,-58.44263580,-34.63679732,CALLE,SD,MOTO,1
2019-0041,2019-05-11,2019,5,11,20,9,-58.51140289,-34.65846419,AVENIDA,MULTIPLE,AUTO,1
2019-0042,2019-05-14,2019,5,14,15,1,-58.38211431,-34.62465368,CALLE,PASAJEROS,PEATON,1
2019-0043,2019-05-21,2019,5,21,9,1,-58.36951669,-34.59832047,AVENIDA,CARGAS,BICICLETA,1
2019-0044,2019-05-27,2019,5,27,12,5,-58.41635217,-34.62036547,AVENIDA,MOTO,PEATON,1
2019-0045,2019-06-03,2019,6,3,7,14,-58.41316147,-34.57579669,AVENIDA,CARGAS,MOTO,1
2019-0046,2019-06-04,2019,6,4,9,13,-58.47617802,-34.53825652,GRAL PAZ,AUTO,MOTO,1
2019-0047,2019-06-06,2019,6,6,10,4,-58.38641783,-34.63330028,AVENIDA,CARGAS,PEATON,1
2019-0048,2019-06-07,2019,6,7,7,6,-58.45322169,-34.62038137,AVENIDA,CARGAS,MOTO,1
2019-0049,2019-06-08,2019,6,8,9,13,-58.45849057,-34.56166498,CALLE,CARGAS,PEATON,1
2019-0050,2019-06-08,2019,6,8,23,14,-58.41829559,-34.59411677,AVENIDA,CARGAS,MOTO,1
2019-0051,2019-06-11,2019,6,11,10,4,-58.36376488,-34.63832093,CALLE,AUTO,MOTO,1
2019-0053,2019-06-14,2019,6,14,17,8,-58.46442668,-34.66004784,AVENIDA,AUTO,AUTO,1
2019-0054,2019-06-20,2019,6,20,3,15,-58.48222035,-34.58428769,CALLE,OBJETO FIJO,MOTO,1
2019-0055,2019-06-20,2019,6,20,19,1,-58.36819005,-34.60283208,AVENIDA,PASAJEROS,MOTO,1
2019-0056,2019-06-29,2019,6,29,17,7,-58.45877601,-34.62330939,AVENIDA,AUTO,PEATON,1
2019-0057,2019-07-05,2019,7,5,19,13,-58.44196498,-34.55760517,CALLE,AUTO,PEATON,1
2019-0058,2019-07-10,2019,7,10,9,10,-58.50622631,-34.63627822,AUTOPISTA,PASAJEROS,MOTO,1
2019-0059,2019-07-13,2019,7,13,22,1,-58.38410880,-34.63099197,CALLE,PASAJEROS,MOTO,1
2019-0060,2019-07-17,2019,7,17,11,10,-58.48100602,-34.63504312,AVENIDA,AUTO,PEATON,1
2019-0061,2019-07-17,2019,7,17,18,13,-58.45200171,-34.55781320,CALLE,PASAJEROS,PEATON,1
2019-0062,2019-08-01,2019,8,1,23,13,-58.44462132,-34.56201105,AVENIDA,PASAJEROS,PEATON,1
2019-0063,2019-08-04,2019,8,4,1,15,-58.45220688,-34.58711712,AVENIDA,PASAJEROS,MOTO,1
2019-0064,2019-08-06,2019,8,6,3,7,-58.45962210,-34.62245140,AVENIDA,AUTO,MOTO,1
2019-0065,2019-08-08,2019,8,8,16,4,-58.41970850,-34.65414867,CALLE,PASAJEROS,PEATON,1
2019-0066,2019-08-11,2019,8,11,21,7,-58.44187596,-34.64938031,AVENIDA,AUTO,PEATON,1
2019-0067,2019-08-14,2019,8,14,15,10,-58.49101637,-34.64276621,CALLE,CARGAS,MOTO,1
2019-0068,2019-08-14,2019,8,14,17,8,-58.42493829,-34.66256502,AVENIDA,MOTO,MOTO,1
2019-0069,2019-08-17,2019,8,17,5,4,-58.40489318,-34.62930162,AVENIDA,AUTO,MOTO,1
2019-0070,2019-08-22,2019,8,22,12,14,-58.42686680,-34.59217875,AVENIDA,BICICLETA,MOTO,1
2019-0071,2019-08-27,2019,8,27,11,9,-58.47961100,-34.65620398,AVENIDA,CARGAS,PEATON,1
2019-0072,2019-08-28,2019,8,28,6,10,-58.47439934,-34.63524207,AVENIDA,AUTO,AUTO,1
2019-0073,2019-08-29,2019,8,29,1,15,-58.46711912,-34.57926018,AVENIDA,OBJETO FIJO,AUTO,1
2019-0074,2019-08-29,2019,8,29,9,13,-58.46514781,-34.53465378,AUTOPISTA,CARGAS,MOTO,1
2019-0075,2019-08-30,2019,8,30,23,4,-58.37571078,-34.65584079,CALLE,PASAJEROS,MOTO,1
2019-0076,2019-09-05,2019,9,5,18,4,-58.37157668,-34.65429986,AUTOPISTA,CARGAS,MOTO,1
2019-0077,2019-09-08,2019,9,8,3,14,-58.39811256,-34.58070186,AVENIDA,AUTO,PEATON,1
2019-0078,2019-09-12,2019,9,12,8,4,-58.41125934,-34.65417740,AVENIDA,CARGAS,PEATON,1
2019-0079,2019-09-17,2019,9,17,5,5,-58.41822901,-34.61866836,CALLE,PASAJEROS,MOTO,1
2019-0080,2019-09-17,2019,9,17,18,13,-58.47617802,-34.53825652,GRAL PAZ,MOTO,PEATON,1
2019-0081,2019-09-23,2019,9,23,16,15,-58.46141281,-34.58623761,AVENIDA,PASAJEROS,PEATON,1
2019-0082,2019-09-25,2019,9,25,7,8,-58.42985146,-34.66119740,AVENIDA,CARGAS,BICICLETA,1
2019-0083,2019-09-26,2019,9,26,8,9,-58.48457413,-34.65839090,CALLE,AUTO,AUTO,1
2019-0084,2019-09-27,2019,9,27,11,7,-58.46572884,-34.63628186,CALLE,CARGAS,BICICLETA,1
2019-0085,2019-10-09,2019,10,9,22,10,-58.49261744,-34.63419130,CALLE,TREN,BICICLETA,1
2019-0086,2019-10-15,2019,10,15,14,15,-58.45283186,-34.58841560,AVENIDA,PASAJEROS,MOTO,1
2019-0087,2019-10-21,2019,10,21,21,12,-58.47973681,-34.57418656,AVENIDA,MOTO,MOTO,1
2019-0088,2019-10-22,2019,10,22,20,4,-58.40623949,-34.65076549,AVENIDA,PASAJEROS,PEATON,1
2019-0089,2019-10-23,2019,10,23,15,4,-58.36244648,-34.63107887,AVENIDA,CARGAS,PEATON,1
2019-0090,2019-10-24,2019,10,24,18,9,-58.49962423,-34.64868027,AVENIDA,MOTO,PEATON,1
2019-0091,2019-11-01,2019,11,1,20,15,-58.44551437,-34.59559816,AVENIDA,PASAJEROS,PEATON,1
2019-0092,2019-11-03,2019,11,3,10,4,-58.35608181,-34.63420319,CALLE,PASAJEROS,PEATON,1
2019-0093,2019-11-13,2019,11,13,11,11,-58.46483679,-34.60907662,AVENIDA,OTRO,BICICLETA,1
2019-0094,2019-11-18,2019,11,18,14,15,-58.44368628,-34.59724326,CALLE,OTRO,MOTO,1
2019-0095,2019-11-20,2019,11,20,15,1,-58.37864583,-34.62907067,AUTOPISTA,CARGAS,MOTO,1
2019-0096,2019-11-22,2019,11,22,19,1,-58.37560352,-34.62726382,AVENIDA,PASAJEROS,PEATON,1
2019-0097,2019-11-25,2019,11,25,8,9,-58.47721439,-34.64815069,AUTOPISTA,MULTIPLE,MOTO,1
2019-0098,2019-11-25,2019,11,25,14,15,-58.45134029,-34.58984288,AVENIDA,PASAJEROS,PASAJEROS,1
2019-0100,2019-12-05,2019,12,5,17,12,-58.49040794,-34.58368803,AVENIDA,AUTO,MOTO,1
2019-0101,2019-12-17,2019,12,17,4,4,-58.42102679,-34.64991178,AVENIDA,MOTO,MOTO,1
2019-0102,2019-12-17,2019,12,17,14,9,-58.52219407,-34.64143926,CALLE,AUTO,MOTO,1
2019-0104,2019-12-21,2019,12,21,4,10,-58.47460416,-34.63206174,AVENIDA,AUTO,MOTO,1
2020-0001,2020-01-04,2020,1,4,10,15,-58.43910409,-34.59213355,CALLE,AUTO,PEATON,1
2020-0002,2020-01-05,2020,1,5,20,7,-58.45019436,-34.64646409,AVENIDA,OBJETO FIJO,MOTO,1
2020-0003,2020-01-11,2020,1,11,6,3,-58.39337644,-34.60927582,AVENIDA,AUTO,PEATON,1
2020-0004,2020-01-14,2020,1,14,21,1,-58.39055614,-34.60919284,AVENIDA,PASAJEROS,PEATON,1
2020-0005,2020-01-14,2020,1,14,6,3,-58.41036975,-34.62477021,AVENIDA,PASAJEROS,MOTO,1
2020-0006,2020-01-20,2020,1,20,12,8,-58.44925765,-34.65412546,AVENIDA,CARGAS,MOTO,1
2020-0007,2020-01-27,2020,1,27,0,1,-58.38156850,-34.61648696,CALLE,MOTO,PEATON,1
2020-0008,2020-01-30,2020,1,30,7,2,-58.40662899,-34.59804521,AVENIDA,CARGAS,MOTO,1
2020-0009,2020-02-04,2020,2,4,14,5,-58.41985649,-34.60600850,CALLE,AUTO,PEATON,1
2020-0010,2020-02-08,2020,2,8,5,1,-58.38099833,-34.62214953,AVENIDA,OBJETO FIJO,MOTO,1
2020-0011,2020-02-12,2020,2,12,11,5,-58.41803309,-34.61823178,CALLE,CARGAS,MOTO,1
2020-0012,2020-02-18,2020,2,18,21,3,-58.40604003,-34.61783553,CALLE,MOTO,PEATON,1
2020-0013,2020-02-20,2020,2,20,12,15,-58.47549929,-34.57994061,AVENIDA,MOTO,PEATON,1
2020-0014,2020-02-27,2020,2,27,2,11,-58.51398484,-34.61600366,CALLE,PASAJEROS,MOTO,1
2020-0015,2020-02-28,2020,2,28,14,1,-58.36797542,-34.62519403,AVENIDA,PASAJEROS,MOTO,1
2020-0016,2020-02-29,2020,2,29,13,1,-58.37133616,-34.59879316,AVENIDA,PASAJEROS,PEATON,1
2020-0017,2020-03-05,2020,3,5,23,3,-58.39613805,-34.61413568,AVENIDA,AUTO,PEATON,1
2020-0018,2020-03-09,2020,3,9,14,13,-58.44903073,-34.54200276,AVENIDA,OBJETO FIJO,MOTO,1
2020-0019,2020-03-10,2020,3,10,21,5,-58.41972364,-34.62846670,CALLE,AUTO,PEATON,1
2020-0020,2020-03-13,2020,3,13,17,3,-58.40571596,-34.60557123,AVENIDA,MOTO,PEATON,1
2020-0021,2020-03-14,2020,3,14,16,2,-58.41451590,-34.59488319,CALLE,AUTO,PEATON,1
2020-0022,2020-04-07,2020,4,7,6,9,-58.47297505,-34.66245085,AUTOPISTA,CARGAS,AUTO,1
2020-0023,2020-04-09,2020,4,9,18,4,-58.35791192,-34.63695178,AVENIDA,CARGAS,AUTO,1
2020-0024,2020-04-24,2020,4,24,7,9,-58.50801713,-34.65177305,CALLE,AUTO,AUTO,1
2020-0025,2020-05-12,2020,5,12,5,3,-58.40258477,-34.60975108,AVENIDA,AUTO,PEATON,1
2020-0026,2020-05-17,2020,5,17,6,14,.,.,AUTOPISTA,OBJETO FIJO,MOTO,1
2020-0027,2020-05-18,2020,5,18,8,8,-58.48267426,-34.68454456,AVENIDA,CARGAS,PEATON,1
2020-0028,2020-05-19,2020,5,19,10,15,-58.44248936,-34.60221948,AVENIDA,PASAJEROS,PEATON,1
2020-0029,2020-06-10,2020,6,10,14,9,-58.52909134,-34.63886726,GRAL PAZ,PASAJEROS,PEATON,1
2020-0030,2020-06-16,2020,6,16,15,6,-58.45158942,-34.60646580,AVENIDA,MULTIPLE,MOTO,1
2020-0031,2020-06-30,2020,6,30,8,9,-58.49344309,-34.65788529,AVENIDA,CARGAS,MOTO,1
2020-0032,2020-07-10,2020,7,10,23,15,-58.44259166,-34.59635137,AVENIDA,AUTO,MOTO,1
2020-0033,2020-07-19,2020,7,19,6,13,-58.46743471,-34.53476874,GRAL PAZ,OBJETO FIJO,AUTO,1
2020-0034,2020-08-02,2020,8,2,3,3,-58.41178158,-34.60922259,CALLE,AUTO,PEATON,1
2020-0035,2020-08-04,2020,8,4,5,7,-58.45068621,-34.63638927,AUTOPISTA,PASAJEROS,MOTO,1
2020-0036,2020-08-07,2020,8,7,18,14,-58.42016954,-34.58778790,AVENIDA,MOTO,PEATON,1
2020-0037,2020-08-29,2020,8,29,4,8,-58.43850413,-34.65554754,AVENIDA,AUTO,PEATON,1
2020-0038,2020-08-30,2020,8,30,4,14,-58.40617526,-34.58345898,AVENIDA,AUTO,AUTO,2
2020-0038,2020-08-30,2020,8,30,4,14,-58.40617526,-34.58345898,AVENIDA,AUTO,AUTO,2
2020-0039,2020-09-01,2020,9,1,19,9,.,.,CALLE,CARGAS,PEATON,1
2020-0040,2020-09-12,2020,9,12,3,2,-58.38526125,-34.57805810,AVENIDA,OBJETO FIJO,AUTO,1
2020-0041,2020-09-28,2020,9,28,1,7,-58.44750470,-34.63491705,AVENIDA,PASAJEROS,MOTO,1
2020-0042,2020-09-29,2020,9,29,17,8,-58.46745752,-34.68192648,AVENIDA,PASAJEROS,PEATON,1
2020-0043,2020-09-30,2020,9,30,17,1,-58.37202621,-34.59717942,AVENIDA,PASAJEROS,PEATON,1
2020-0044,2020-10-05,2020,10,5,0,6,-58.42779702,-34.62207347,AVENIDA,AUTO,AUTO,1
2020-0045,2020-10-19,2020,10,19,3,8,-58.46244952,-34.70524971,GRAL PAZ,CARGAS,AUTO,1
2020-0046,2020-10-27,2020,10,27,21,11,-58.48440160,-34.60776782,AVENIDA,MOTO,MOTO,1
2020-0047,2020-10-27,2020,10,27,14,9,-58.46668375,-34.65174801,AUTOPISTA,CARGAS,PEATON,1
2020-0048,2020-10-29,2020,10,29,20,15,-58.44958780,-34.59322448,AVENIDA,OBJETO FIJO,MOTO,1
2020-0049,2020-10-30,2020,10,30,20,1,-58.37533517,-34.59276462,AVENIDA,AUTO,PEATON,1
2020-0050,2020-11-01,2020,11,1,22,14,-58.42525456,-34.57866344,AVENIDA,MOTO,PEATON,1
2020-0051,2020-11-05,2020,11,5,0,10,-58.48493828,-34.62981124,AVENIDA,AUTO,MOTO,1
2020-0052,2020-11-07,2020,11,7,6,3,-58.40480504,-34.60183884,AVENIDA,CARGAS,BICICLETA,1
2020-0053,2020-11-09,2020,11,9,3,4,-58.41125934,-34.65417740,AVENIDA,AUTO,AUTO,1
2020-0054,2020-11-19,2020,11,19,9,4,-58.39956546,-34.62977080,CALLE,AUTO,BICICLETA,1
2020-0055,2020-11-19,2020,11,19,12,12,-58.49005682,-34.57868970,AVENIDA,CARGAS,PEATON,1
2020-0056,2020-11-21,2020,11,21,13,8,-58.47064556,-34.69843756,GRAL PAZ,CARGAS,MOTO,1
2020-0057,2020-11-23,2020,11,23,7,11,-58.47501560,-34.61945902,AVENIDA,AUTO,PEATON,1
2020-0058,2020-11-24,2020,11,24,16,10,-58.48727942,-34.63652467,AVENIDA,AUTO,PEATON,1
2020-0059,2020-12-01,2020,12,1,6,1,-58.37951690,-34.62794241,CALLE,PASAJEROS,PEATON,1
2020-0060,2020-12-03,2020,12,3,20,9,-58.47750832,-34.65672199,AVENIDA,MOTO,PEATON,1
2020-0061,2020-12-03,2020,12,3,14,13,-58.44927253,-34.54048625,AUTOPISTA,CARGAS,MOTO,1
2020-0062,2020-12-04,2020,12,4,17,3,-58.39246272,-34.61253541,CALLE,PASAJEROS,BICICLETA,1
2020-0063,2020-12-05,2020,12,5,7,11,-58.52783814,-34.61047001,CALLE,MOTO,PEATON,2
2020-0063,2020-12-05,2020,12,5,7,11,-58.52783814,-34.61047001,CALLE,MOTO,MOTO,2
2020-0065,2020-12-05,2020,12,5,16,12,-58.49332664,-34.54836855,GRAL PAZ,AUTO,MOTO,1
2020-0066,2020-12-07,2020,12,7,4,10,-58.50178784,-34.63593897,AUTOPISTA,OBJETO FIJO,MOTO,1
2020-0067,2020-12-11,2020,12,11,22,4,-58.41657793,-34.65476216,AVENIDA,PASAJEROS,PEATON,1
2020-0068,2020-12-12,2020,12,12,20,2,-58.39731474,-34.58307887,AVENIDA,AUTO,MOTO,1
2020-0069,2020-12-15,2020,12,15,5,1,-58.38746381,-34.61790839,AVENIDA,PASAJEROS,MOTO,1
2020-0070,2020-12-17,2020,12,17,15,2,-58.39189441,-34.59176378,AVENIDA,PASAJEROS,PEATON,1
2020-0071,2020-12-17,2020,12,17,23,7,-58.46749188,-34.63551751,AVENIDA,AUTO,PEATON,1
2020-0072,2020-12-19,2020,12,19,3,3,-58.40280471,-34.62113271,AVENIDA,AUTO,BICICLETA,1
2020-0073,2020-12-20,2020,12,20,7,8,-58.44451316,-34.68475866,AVENIDA,OBJETO FIJO,MOTO,1
2020-0074,2020-12-20,2020,12,20,21,7,-58.47110424,-34.62742408,AVENIDA,AUTO,AUTO,1
2020-0075,2020-12-23,2020,12,23,14,1,-58.38220928,-34.60373898,AVENIDA,PASAJEROS,PEATON,1
2020-0076,2020-12-24,2020,12,24,12,10,-58.49794468,-34.61565025,AVENIDA,PASAJEROS,AUTO,1
2020-0077,2020-12-25,2020,12,25,6,15,-58.47220945,-34.60111373,AVENIDA,AUTO,MOTO,2
2020-0077,2020-12-25,2020,12,25,6,15,-58.47220945,-34.60111373,AVENIDA,AUTO,MOTO,2
2020-0078,2020-12-25,2020,12,25,5,7,-58.43706741,-34.63217813,CALLE,PASAJEROS,BICICLETA,1
2020-0079,2020-12-27,2020,12,27,4,12,-58.49332664,-34.54836855,GRAL PAZ,OBJETO FIJO,MOTO,1
2021-0001,2021-01-06,2021,1,6,18,1,-58.37960727,-34.62622851,AUTOPISTA,AUTO,MOTO,1
2021-0002,2021-01-07,2021,1,7,10,9,-58.51061062,-34.64972472,AVENIDA,CARGAS,MOTO,1
2021-0003,2021-01-10,2021,1,10,7,7,-58.43052224,-34.62941648,AUTOPISTA,OBJETO FIJO,MOTO,1
2021-0004,2021-01-11,2021,1,11,9,5,-58.41455544,-34.63866836,AVENIDA,CARGAS,PEATON,1
2021-0005,2021-01-11,2021,1,11,21,9,-58.46774439,-34.64730145,AVENIDA,AUTO,PEATON,1
2021-0006,2021-01-12,2021,1,12,21,14,-58.40786274,-34.56726817,AUTOPISTA,CARGAS,MOTO,1
2021-0007,2021-01-18,2021,1,18,10,15,-58.48744301,-34.58622275,AVENIDA,MOTO,MOTO,1
2021-0008,2021-01-22,2021,1,22,23,4,-58.41657793,-34.65476216,AVENIDA,PASAJEROS,PEATON,1
2021-0009,2021-01-23,2021,1,23,5,6,-58.45351111,-34.61134937,AVENIDA,OBJETO FIJO,MOTO,1
2021-0010,2021-01-23,2021,1,23,8,12,-58.50073810,-34.54979510,GRAL PAZ,AUTO,MOTO,1
2021-0011,2021-01-27,2021,1,27,1,2,-58.39144148,-34.59564871,AVENIDA,AUTO,PEATON,1
2021-0012,2021-01-29,2021,1,29,20,8,-58.48191128,-34.68385968,AUTOPISTA,AUTO,PEATON,1
2021-0013,2021-01-31,2021,1,31,6,10,-58.48727942,-34.63652467,AVENIDA,OBJETO FIJO,MOTO,1
2021-0014,2021-02-02,2021,2,2,0,15,-58.48328708,-34.59779521,AVENIDA,AUTO,PEATON,1
2021-0015,2021-02-06,2021,2,6,3,15,-58.49018543,-34.59724990,AVENIDA,OBJETO FIJO,MOTO,1
2021-0016,2021-02-14,2021,2,14,5,8,-58.47230127,-34.68482689,AVENIDA,OBJETO FIJO,AUTO,1
2021-0017,2021-02-17,2021,2,17,4,1,-58.38262614,-34.63168269,AVENIDA,PASAJEROS,MOTO,1
2021-0018,2021-02-20,2021,2,20,19,3,-58.41047268,-34.60793518,CALLE,AUTO,PEATON,1
2021-0019,2021-02-21,2021,2,21,1,12,-58.49659234,-34.56353635,AVENIDA,OBJETO FIJO,MOTO,1
2021-0020,2021-02-21,2021,2,21,15,5,-58.42462955,-34.60727189,CALLE,CARGAS,PEATON,1
2021-0021,2021-02-26,2021,2,26,5,3,-58.41168345,-34.61185625,CALLE,OBJETO FIJO,MOTO,1
2021-0022,2021-02-28,2021,2,28,12,13,-58.45157681,-34.55217303,AVENIDA,SD,PASAJEROS,1
2021-0023,2021-03-01,2021,3,1,9,4,.,.,AUTOPISTA,CARGAS,MOTO,1
2021-0024,2021-03-03,2021,3,3,16,9,-58.49573651,-34.67006054,AVENIDA,CARGAS,BICICLETA,1
2021-0025,2021-03-11,2021,3,11,3,8,-58.48695354,-34.68795245,GRAL PAZ,OTRO,MOTO,1
2021-0026,2021-03-15,2021,3,15,2,4,-58.37562539,-34.64449357,AUTOPISTA,OBJETO FIJO,MOTO,1
2021-0027,2021-03-16,2021,3,16,15,12,-58.49491054,-34.54795581,GRAL PAZ,CARGAS,MOTO,1
2021-0028,2021-03-29,2021,3,29,17,7,-58.44147621,-34.64357704,AVENIDA,PASAJEROS,PEATON,1
2021-0029,2021-03-31,2021,3,31,18,7,-58.46899119,-34.63215432,AVENIDA,AUTO,AUTO,1
2021-0030,2021-04-03,2021,4,3,18,4,-58.38685612,-34.63455776,CALLE,PASAJEROS,PEATON,1
2021-0031,2021-04-07,2021,4,7,10,1,-58.38113667,-34.61765323,AVENIDA,CARGAS,PEATON,1
2021-0032,2021-04-10,2021,4,10,19,13,-58.44112678,-34.54538956,AUTOPISTA,MOTO,PEATON,1
2021-0033,2021-04-14,2021,4,14,17,5,-58.41595919,-34.62743346,AUTOPISTA,OBJETO FIJO,AUTO,1
2021-0034,2021-04-19,2021,4,19,14,4,-58.40184094,-34.64546845,AVENIDA,CARGAS,MOTO,1
2021-0035,2021-05-03,2021,5,3,9,8,-58.44642231,-34.65679806,AVENIDA,CARGAS,MOTO,1
2021-0036,2021-05-09,2021,5,9,6,11,-58.52340614,-34.59798754,GRAL PAZ,OBJETO FIJO,MOTO,1
2021-0037,2021-05-11,2021,5,11,7,13,-58.46649069,-34.56219075,AVENIDA,PASAJEROS,PEATON,1
2021-0038,2021-05-14,2021,5,14,11,14,-58.42653328,-34.57816791,AVENIDA,CARGAS,MOTO,1
2021-0039,2021-05-15,2021,5,15,12,9,-58.50407099,-34.65303372,AVENIDA,AUTO,BICICLETA,1
2021-0040,2021-05-20,2021,5,20,5,13,-58.46743471,-34.53476874,GRAL PAZ,AUTO,MOTO,1
2021-0041,2021-05-20,2021,5,20,8,14,-58.40986646,-34.57728060,AVENIDA,PASAJEROS,PEATON,1
2021-0042,2021-05-21,2021,5,21,5,9,-58.51739138,-34.63931792,AVENIDA,PASAJEROS,PEATON,1
2021-0043,2021-05-22,2021,5,22,18,9,-58.50719962,-34.65556223,AVENIDA,AUTO,PEATON,1
2021-0044,2021-05-25,2021,5,25,2,9,-58.46712311,-34.64600222,AVENIDA,OBJETO FIJO,MOTO,1
2021-0045,2021-05-26,2021,5,26,17,4,-58.37709334,-34.64035082,AUTOPISTA,MULTIPLE,MOTO,1
2021-0046,2021-05-31,2021,5,31,2,15,-58.46033141,-34.58569883,AVENIDA,OBJETO FIJO,AUTO,1
2021-0047,2021-06-02,2021,6,2,16,4,-58.42190745,-34.65633192,AVENIDA,AUTO,MOTO,1
2021-0048,2021-06-03,2021,6,3,9,12,-58.49026573,-34.56981410,AVENIDA,AUTO,BICICLETA,1
2021-0049,2021-06-03,2021,6,3,20,8,-58.45410344,-34.66902702,AVENIDA,AUTO,AUTO,1
2021-0050,2021-06-10,2021,6,10,13,13,-58.44751621,-34.55719892,AVENIDA,PASAJEROS,MOTO,1
2021-0051,2021-06-15,2021,6,15,19,4,-58.42040352,-34.66005171,AVENIDA,CARGAS,PEATON,1
2021-0052,2021-06-20,2021,6,20,5,8,-58.49530249,-34.68010798,GRAL PAZ,OBJETO FIJO,MOTO,1
2021-0053,2021-06-20,2021,6,20,12,15,-58.44399875,-34.59477360,AVENIDA,BICICLETA,PEATON,1
2021-0054,2021-06-22,2021,6,22,14,4,-58.42759813,-34.65463857,CALLE,CARGAS,MOTO,1
2021-0055,2021-06-29,2021,6,29,12,3,-58.40547222,-34.60456293,AVENIDA,CARGAS,MOTO,1
2021-0056,2021-07-09,2021,7,9,23,4,-58.42473018,-34.65008280,AVENIDA,AUTO,BICICLETA,1
2021-0057,2021-07-10,2021,7,10,23,2,-58.39257023,-34.57563957,AUTOPISTA,OBJETO FIJO,AUTO,1
2021-0058,2021-07-21,2021,7,21,0,12,-58.48941042,-34.54596153,GRAL PAZ,AUTO,PEATON,1
2021-0059,2021-07-22,2021,7,22,1,3,-58.39640740,-34.62783085,AVENIDA,OBJETO FIJO,AUTO,1
2021-0060,2021-07-22,2021,7,22,12,5,-58.41971993,-34.61112240,AVENIDA,PASAJEROS,PEATON,1
2021-0061,2021-07-24,2021,7,24,9,4,-58.40544588,-34.65012801,AVENIDA,CARGAS,PEATON,1
2021-0062,2021-07-27,2021,7,27,7,4,-58.42003882,-34.64645957,AVENIDA,CARGAS,AUTO,1
2021-0063,2021-08-02,2021,8,2,4,7,-58.46851293,-34.63348678,AVENIDA,AUTO,AUTO,1
2021-0064,2021-08-02,2021,8,2,20,9,-58.52931141,-34.65422917,GRAL PAZ,CARGAS,PEATON,1
2021-0065,2021-08-06,2021,8,6,8,6,-58.42675754,-34.62699730,AVENIDA,PASAJEROS,PEATON,1
2021-0066,2021-08-06,2021,8,6,20,11,-58.52933723,-34.61098186,AVENIDA,PASAJEROS,PEATON,1
2021-0067,2021-08-08,2021,8,8,9,1,-58.37910943,-34.62764718,AUTOPISTA,OBJETO FIJO,MOTO,1
2021-0068,2021-08-15,2021,8,15,6,11,-58.52161176,-34.61164474,AVENIDA,OBJETO FIJO,MOTO,1
2021-0069,2021-08-20,2021,8,20,17,14,-58.41354692,-34.58697680,AVENIDA,AUTO,PEATON,1
2021-0070,2021-08-28,2021,8,28,8,8,-58.43960781,-34.65470804,AVENIDA,CARGAS,MOTO,1
2021-0071,2021-08-31,2021,8,31,16,3,-58.40454610,-34.60003693,CALLE,MOTO,PEATON,1
2021-0072,2021-09-01,2021,9,1,19,2,-58.39303911,-34.59871111,AVENIDA,AUTO,PEATON,1
2021-0073,2021-09-18,2021,9,18,12,2,-58.39391034,-34.58405348,AVENIDA,AUTO,BICICLETA,1
2021-0074,2021-09-20,2021,9,20,15,12,-58.50073810,-34.54979510,GRAL PAZ,MULTIPLE,MOTO,1
2021-0075,2021-09-21,2021,9,21,14,1,-58.38281301,-34.62786038,CALLE,CARGAS,PEATON,1
2021-0076,2021-10-16,2021,10,16,6,7,-58.43980799,-34.65094083,AVENIDA,OBJETO FIJO,MOTO,1
2021-0077,2021-10-18,2021,10,18,7,6,-58.44402387,-34.62933109,AVENIDA,CARGAS,MOTO,1
2021-0078,2021-10-23,2021,10,23,6,6,-58.42779702,-34.62207347,AVENIDA,PASAJEROS,MOTO,1
2021-0079,2021-10-25,2021,10,25,3,3,-58.40944147,-34.60097942,CALLE,AUTO,PEATON,1
2021-0080,2021-10-28,2021,10,28,16,1,-58.38277479,-34.59430160,AVENIDA,AUTO,MOTO,1
2021-0081,2021-11-02,2021,11,2,13,4,-58.37627355,-34.63800916,AUTOPISTA,CARGAS,MOTO,1
2021-0082,2021-11-06,2021,11,6,4,3,-58.39591856,-34.62453459,AUTOPISTA,AUTO,MOTO,1
2021-0083,2021-11-09,2021,11,9,0,13,-58.45829717,-34.56015762,AVENIDA,AUTO,MOTO,1
2021-0084,2021-11-11,2021,11,11,3,9,-58.49142611,-34.64584795,AVENIDA,OBJETO FIJO,AUTO,1
2021-0097,2021-11-18,2021,11,18,6,1,-58.37976155,-34.58679619,CALLE,AUTO,BICICLETA,1
2021-0085,2021-11-20,2021,11,20,18,12,-58.51271409,-34.57786555,GRAL PAZ,OBJETO FIJO,MOTO,1
2021-0086,2021-11-25,2021,11,25,10,6,-58.44864864,-34.62352826,AVENIDA,PASAJEROS,PEATON,1
2021-0087,2021-11-27,2021,11,27,11,1,-58.37795815,-34.59167894,CALLE,BICICLETA,PEATON,1
2021-0088,2021-12-01,2021,12,1,15,13,-58.45531707,-34.55555257,CALLE,AUTO,MOTO,1
2021-0089,2021-12-02,2021,12,2,1,11,-58.47633683,-34.62140594,AVENIDA,AUTO,MOTO,1
2021-0090,2021-12-10,2021,12,10,11,1,-58.38188582,-34.60256036,AVENIDA,PASAJEROS,PEATON,1
2021-0091,2021-12-11,2021,12,11,23,10,-58.51989389,-34.62284918,CALLE,AUTO,MOTO,1
2021-0092,2021-12-12,2021,12,12,6,3,-58.40596860,-34.61011987,AVENIDA,AUTO,PEATON,1
2021-0093,2021-12-13,2021,12,13,17,7,-58.43353773,-34.64561636,AVENIDA,AUTO,MOTO,1
2021-0094,2021-12-20,2021,12,20,1,9,-58.46739825,-34.65117757,AUTOPISTA,AUTO,MOTO,1
2021-0095,2021-12-30,2021,12,30,0,11,-58.47293407,-34.61984745,AVENIDA,CARGAS,MOTO,1
2021-0096,2021-12-15,2021,12,15,10,9,-58.47066794,-34.65021673,AVENIDA,CARGAS,AUTO,1
